,symboling,normalized-losses,make,num-of-doors,body-style,drive-wheels,engine-location,wheel-base,length,width,height,curb-weight,engine-type,num-of-cylinders,engine-size,fuel-system,bore,stroke,compression-ratio,horsepower,peak-rpm,city-mpg,highway-mpg,price,highway-L/100km,Norm_height,horsepower-binned,fuel-type-diesel,gas-type-diesel,aspiration-std,aspiration-turbo
0,3,122.0,alfa-romero,two,convertible,rwd,front,88.6,168.8,64.1,48.8,2548,dohc,four,130,mpfi,3.47,2.68,9.0,111,5000,21,27,13495,8.703703703703704,0.8160535117056856,Low,0,1,1,0
1,3,122.0,alfa-romero,two,convertible,rwd,front,88.6,168.8,64.1,48.8,2548,dohc,four,130,mpfi,3.47,2.68,9.0,111,5000,21,27,16500,8.703703703703704,0.8160535117056856,Low,0,1,1,0
2,1,122.0,alfa-romero,two,hatchback,rwd,front,94.5,171.2,65.5,52.4,2823,ohcv,six,152,mpfi,2.68,3.47,9.0,154,5000,19,26,16500,9.038461538461538,0.8762541806020067,Medium,0,1,1,0
3,2,164,audi,four,sedan,fwd,front,99.8,176.6,66.2,54.3,2337,ohc,four,109,mpfi,3.19,3.40,10.0,102,5500,24,30,13950,7.833333333333333,0.9080267558528428,Low,0,1,1,0
4,2,164,audi,four,sedan,4wd,front,99.4,176.6,66.4,54.3,2824,ohc,five,136,mpfi,3.19,3.40,8.0,115,5500,18,22,17450,10.681818181818182,0.9080267558528428,Low,0,1,1,0
5,2,122.0,audi,two,sedan,fwd,front,99.8,177.3,66.3,53.1,2507,ohc,five,136,mpfi,3.19,3.40,8.5,110,5500,19,25,15250,9.4,0.8879598662207359,Low,0,1,1,0
6,1,158,audi,four,sedan,fwd,front,105.8,192.7,71.4,55.7,2844,ohc,five,136,mpfi,3.19,3.40,8.5,110,5500,19,25,17710,9.4,0.931438127090301,Low,0,1,1,0
7,1,122.0,audi,four,wagon,fwd,front,105.8,192.7,71.4,55.7,2954,ohc,five,136,mpfi,3.19,3.40,8.5,110,5500,19,25,18920,9.4,0.931438127090301,Low,0,1,1,0
8,1,158,audi,four,sedan,fwd,front,105.8,192.7,71.4,55.9,3086,ohc,five,131,mpfi,3.13,3.40,8.3,140,5500,17,20,23875,11.75,0.9347826086956522,Medium,0,1,0,1
10,2,192,bmw,two,sedan,rwd,front,101.2,176.8,64.8,54.3,2395,ohc,four,108,mpfi,3.50,2.80,8.8,101,5800,23,29,16430,8.10344827586207,0.9080267558528428,Low,0,1,1,0
11,0,192,bmw,four,sedan,rwd,front,101.2,176.8,64.8,54.3,2395,ohc,four,108,mpfi,3.50,2.80,8.8,101,5800,23,29,16925,8.10344827586207,0.9080267558528428,Low,0,1,1,0
12,0,188,bmw,two,sedan,rwd,front,101.2,176.8,64.8,54.3,2710,ohc,six,164,mpfi,3.31,3.19,9.0,121,4250,21,28,20970,8.392857142857142,0.9080267558528428,Medium,0,1,1,0
13,0,188,bmw,four,sedan,rwd,front,101.2,176.8,64.8,54.3,2765,ohc,six,164,mpfi,3.31,3.19,9.0,121,4250,21,28,21105,8.392857142857142,0.9080267558528428,Medium,0,1,1,0
14,1,122.0,bmw,four,sedan,rwd,front,103.5,189.0,66.9,55.7,3055,ohc,six,164,mpfi,3.31,3.19,9.0,121,4250,20,25,24565,9.4,0.931438127090301,Medium,0,1,1,0
15,0,122.0,bmw,four,sedan,rwd,front,103.5,189.0,66.9,55.7,3230,ohc,six,209,mpfi,3.62,3.39,8.0,182,5400,16,22,30760,10.681818181818182,0.931438127090301,Medium,0,1,1,0
16,0,122.0,bmw,two,sedan,rwd,front,103.5,193.8,67.9,53.7,3380,ohc,six,209,mpfi,3.62,3.39,8.0,182,5400,16,22,41315,10.681818181818182,0.8979933110367894,Medium,0,1,1,0
17,0,122.0,bmw,four,sedan,rwd,front,110.0,197.0,70.9,56.3,3505,ohc,six,209,mpfi,3.62,3.39,8.0,182,5400,15,20,36880,11.75,0.9414715719063546,Medium,0,1,1,0
18,2,121,chevrolet,two,hatchback,fwd,front,88.4,141.1,60.3,53.2,1488,l,three,61,2bbl,2.91,3.03,9.5,48,5100,47,53,5151,4.433962264150943,0.8896321070234114,Low,0,1,1,0
19,1,98,chevrolet,two,hatchback,fwd,front,94.5,155.9,63.6,52.0,1874,ohc,four,90,2bbl,3.03,3.11,9.6,70,5400,38,43,6295,5.465116279069767,0.8695652173913044,Low,0,1,1,0
20,0,81,chevrolet,four,sedan,fwd,front,94.5,158.8,63.6,52.0,1909,ohc,four,90,2bbl,3.03,3.11,9.6,70,5400,38,43,6575,5.465116279069767,0.8695652173913044,Low,0,1,1,0
21,1,118,dodge,two,hatchback,fwd,front,93.7,157.3,63.8,50.8,1876,ohc,four,90,2bbl,2.97,3.23,9.41,68,5500,37,41,5572,5.7317073170731705,0.8494983277591973,Low,0,1,1,0
22,1,118,dodge,two,hatchback,fwd,front,93.7,157.3,63.8,50.8,1876,ohc,four,90,2bbl,2.97,3.23,9.4,68,5500,31,38,6377,6.184210526315789,0.8494983277591973,Low,0,1,1,0
23,1,118,dodge,two,hatchback,fwd,front,93.7,157.3,63.8,50.8,2128,ohc,four,98,mpfi,3.03,3.39,7.6,102,5500,24,30,7957,7.833333333333333,0.8494983277591973,Low,0,1,0,1
24,1,148,dodge,four,hatchback,fwd,front,93.7,157.3,63.8,50.6,1967,ohc,four,90,2bbl,2.97,3.23,9.4,68,5500,31,38,6229,6.184210526315789,0.8461538461538463,Low,0,1,1,0
25,1,148,dodge,four,sedan,fwd,front,93.7,157.3,63.8,50.6,1989,ohc,four,90,2bbl,2.97,3.23,9.4,68,5500,31,38,6692,6.184210526315789,0.8461538461538463,Low,0,1,1,0
26,1,148,dodge,four,sedan,fwd,front,93.7,157.3,63.8,50.6,1989,ohc,four,90,2bbl,2.97,3.23,9.4,68,5500,31,38,7609,6.184210526315789,0.8461538461538463,Low,0,1,1,0
27,1,148,dodge,four,sedan,fwd,front,93.7,157.3,63.8,50.6,2191,ohc,four,98,mpfi,3.03,3.39,7.6,102,5500,24,30,8558,7.833333333333333,0.8461538461538463,Low,0,1,0,1
28,-1,110,dodge,four,wagon,fwd,front,103.3,174.6,64.6,59.8,2535,ohc,four,122,2bbl,3.34,3.46,8.5,88,5000,24,30,8921,7.833333333333333,1.0,Low,0,1,1,0
29,3,145,dodge,two,hatchback,fwd,front,95.9,173.2,66.3,50.2,2811,ohc,four,156,mfi,3.60,3.90,7.0,145,5000,19,24,12964,9.791666666666666,0.8394648829431439,Medium,0,1,0,1
30,2,137,honda,two,hatchback,fwd,front,86.6,144.6,63.9,50.8,1713,ohc,four,92,1bbl,2.91,3.41,9.6,58,4800,49,54,6479,4.351851851851852,0.8494983277591973,Low,0,1,1,0
31,2,137,honda,two,hatchback,fwd,front,86.6,144.6,63.9,50.8,1819,ohc,four,92,1bbl,2.91,3.41,9.2,76,6000,31,38,6855,6.184210526315789,0.8494983277591973,Low,0,1,1,0
32,1,101,honda,two,hatchback,fwd,front,93.7,150.0,64.0,52.6,1837,ohc,four,79,1bbl,2.91,3.07,10.1,60,5500,38,42,5399,5.595238095238095,0.8795986622073579,Low,0,1,1,0
33,1,101,honda,two,hatchback,fwd,front,93.7,150.0,64.0,52.6,1940,ohc,four,92,1bbl,2.91,3.41,9.2,76,6000,30,34,6529,6.911764705882353,0.8795986622073579,Low,0,1,1,0
34,1,101,honda,two,hatchback,fwd,front,93.7,150.0,64.0,52.6,1956,ohc,four,92,1bbl,2.91,3.41,9.2,76,6000,30,34,7129,6.911764705882353,0.8795986622073579,Low,0,1,1,0
35,0,110,honda,four,sedan,fwd,front,96.5,163.4,64.0,54.5,2010,ohc,four,92,1bbl,2.91,3.41,9.2,76,6000,30,34,7295,6.911764705882353,0.911371237458194,Low,0,1,1,0
36,0,78,honda,four,wagon,fwd,front,96.5,157.1,63.9,58.3,2024,ohc,four,92,1bbl,2.92,3.41,9.2,76,6000,30,34,7295,6.911764705882353,0.9749163879598662,Low,0,1,1,0
37,0,106,honda,two,hatchback,fwd,front,96.5,167.5,65.2,53.3,2236,ohc,four,110,1bbl,3.15,3.58,9.0,86,5800,27,33,7895,7.121212121212121,0.8913043478260869,Low,0,1,1,0
38,0,106,honda,two,hatchback,fwd,front,96.5,167.5,65.2,53.3,2289,ohc,four,110,1bbl,3.15,3.58,9.0,86,5800,27,33,9095,7.121212121212121,0.8913043478260869,Low,0,1,1,0
39,0,85,honda,four,sedan,fwd,front,96.5,175.4,65.2,54.1,2304,ohc,four,110,1bbl,3.15,3.58,9.0,86,5800,27,33,8845,7.121212121212121,0.9046822742474917,Low,0,1,1,0
40,0,85,honda,four,sedan,fwd,front,96.5,175.4,62.5,54.1,2372,ohc,four,110,1bbl,3.15,3.58,9.0,86,5800,27,33,10295,7.121212121212121,0.9046822742474917,Low,0,1,1,0
41,0,85,honda,four,sedan,fwd,front,96.5,175.4,65.2,54.1,2465,ohc,four,110,mpfi,3.15,3.58,9.0,101,5800,24,28,12945,8.392857142857142,0.9046822742474917,Low,0,1,1,0
42,1,107,honda,two,sedan,fwd,front,96.5,169.1,66.0,51.0,2293,ohc,four,110,2bbl,3.15,3.58,9.1,100,5500,25,31,10345,7.580645161290323,0.8528428093645485,Low,0,1,1,0
43,0,122.0,isuzu,four,sedan,rwd,front,94.3,170.7,61.8,53.5,2337,ohc,four,111,2bbl,3.31,3.23,8.5,78,4800,24,29,6785,8.10344827586207,0.8946488294314382,Low,0,1,1,0
46,2,122.0,isuzu,two,hatchback,rwd,front,96.0,172.6,65.2,51.4,2734,ohc,four,119,spfi,3.43,3.23,9.2,90,5000,24,29,11048,8.10344827586207,0.8595317725752508,Low,0,1,1,0
47,0,145,jaguar,four,sedan,rwd,front,113.0,199.6,69.6,52.8,4066,dohc,six,258,mpfi,3.63,4.17,8.1,176,4750,15,19,32250,12.368421052631579,0.882943143812709,Medium,0,1,1,0
48,0,122.0,jaguar,four,sedan,rwd,front,113.0,199.6,69.6,52.8,4066,dohc,six,258,mpfi,3.63,4.17,8.1,176,4750,15,19,35550,12.368421052631579,0.882943143812709,Medium,0,1,1,0
49,0,122.0,jaguar,two,sedan,rwd,front,102.0,191.7,70.6,47.8,3950,ohcv,twelve,326,mpfi,3.54,2.76,11.5,262,5000,13,17,36000,13.823529411764707,0.7993311036789298,High,0,1,1,0
50,1,104,mazda,two,hatchback,fwd,front,93.1,159.1,64.2,54.1,1890,ohc,four,91,2bbl,3.03,3.15,9.0,68,5000,30,31,5195,7.580645161290323,0.9046822742474917,Low,0,1,1,0
51,1,104,mazda,two,hatchback,fwd,front,93.1,159.1,64.2,54.1,1900,ohc,four,91,2bbl,3.03,3.15,9.0,68,5000,31,38,6095,6.184210526315789,0.9046822742474917,Low,0,1,1,0
52,1,104,mazda,two,hatchback,fwd,front,93.1,159.1,64.2,54.1,1905,ohc,four,91,2bbl,3.03,3.15,9.0,68,5000,31,38,6795,6.184210526315789,0.9046822742474917,Low,0,1,1,0
53,1,113,mazda,four,sedan,fwd,front,93.1,166.8,64.2,54.1,1945,ohc,four,91,2bbl,3.03,3.15,9.0,68,5000,31,38,6695,6.184210526315789,0.9046822742474917,Low,0,1,1,0
54,1,113,mazda,four,sedan,fwd,front,93.1,166.8,64.2,54.1,1950,ohc,four,91,2bbl,3.08,3.15,9.0,68,5000,31,38,7395,6.184210526315789,0.9046822742474917,Low,0,1,1,0
55,3,150,mazda,two,hatchback,rwd,front,95.3,169.0,65.7,49.6,2380,rotor,two,70,4bbl,3.3297512437810957,3.2554228855721337,9.4,101,6000,17,23,10945,10.217391304347826,0.8294314381270904,Low,0,1,1,0
56,3,150,mazda,two,hatchback,rwd,front,95.3,169.0,65.7,49.6,2380,rotor,two,70,4bbl,3.3297512437810957,3.2554228855721337,9.4,101,6000,17,23,11845,10.217391304347826,0.8294314381270904,Low,0,1,1,0
57,3,150,mazda,two,hatchback,rwd,front,95.3,169.0,65.7,49.6,2385,rotor,two,70,4bbl,3.3297512437810957,3.2554228855721337,9.4,101,6000,17,23,13645,10.217391304347826,0.8294314381270904,Low,0,1,1,0
58,3,150,mazda,two,hatchback,rwd,front,95.3,169.0,65.7,49.6,2500,rotor,two,80,mpfi,3.3297512437810957,3.2554228855721337,9.4,135,6000,16,23,15645,10.217391304347826,0.8294314381270904,Medium,0,1,1,0
59,1,129,mazda,two,hatchback,fwd,front,98.8,177.8,66.5,53.7,2385,ohc,four,122,2bbl,3.39,3.39,8.6,84,4800,26,32,8845,7.34375,0.8979933110367894,Low,0,1,1,0
60,0,115,mazda,four,sedan,fwd,front,98.8,177.8,66.5,55.5,2410,ohc,four,122,2bbl,3.39,3.39,8.6,84,4800,26,32,8495,7.34375,0.9280936454849499,Low,0,1,1,0
61,1,129,mazda,two,hatchback,fwd,front,98.8,177.8,66.5,53.7,2385,ohc,four,122,2bbl,3.39,3.39,8.6,84,4800,26,32,10595,7.34375,0.8979933110367894,Low,0,1,1,0
62,0,115,mazda,four,sedan,fwd,front,98.8,177.8,66.5,55.5,2410,ohc,four,122,2bbl,3.39,3.39,8.6,84,4800,26,32,10245,7.34375,0.9280936454849499,Low,0,1,1,0
63,0,122.0,mazda,four,sedan,fwd,front,98.8,177.8,66.5,55.5,2443,ohc,four,122,idi,3.39,3.39,22.7,64,4650,36,42,10795,5.595238095238095,0.9280936454849499,Low,1,0,1,0
64,0,115,mazda,four,hatchback,fwd,front,98.8,177.8,66.5,55.5,2425,ohc,four,122,2bbl,3.39,3.39,8.6,84,4800,26,32,11245,7.34375,0.9280936454849499,Low,0,1,1,0
65,0,118,mazda,four,sedan,rwd,front,104.9,175.0,66.1,54.4,2670,ohc,four,140,mpfi,3.76,3.16,8.0,120,5000,19,27,18280,8.703703703703704,0.9096989966555185,Medium,0,1,1,0
66,0,122.0,mazda,four,sedan,rwd,front,104.9,175.0,66.1,54.4,2700,ohc,four,134,idi,3.43,3.64,22.0,72,4200,31,39,18344,6.0256410256410255,0.9096989966555185,Low,1,0,1,0
67,-1,93,mercedes-benz,four,sedan,rwd,front,110.0,190.9,70.3,56.5,3515,ohc,five,183,idi,3.58,3.64,21.5,123,4350,22,25,25552,9.4,0.9448160535117057,Medium,1,0,0,1
68,-1,93,mercedes-benz,four,wagon,rwd,front,110.0,190.9,70.3,58.7,3750,ohc,five,183,idi,3.58,3.64,21.5,123,4350,22,25,28248,9.4,0.9816053511705687,Medium,1,0,0,1
69,0,93,mercedes-benz,two,hardtop,rwd,front,106.7,187.5,70.3,54.9,3495,ohc,five,183,idi,3.58,3.64,21.5,123,4350,22,25,28176,9.4,0.9180602006688964,Medium,1,0,0,1
70,-1,93,mercedes-benz,four,sedan,rwd,front,115.6,202.6,71.7,56.3,3770,ohc,five,183,idi,3.58,3.64,21.5,123,4350,22,25,31600,9.4,0.9414715719063546,Medium,1,0,0,1
71,-1,122.0,mercedes-benz,four,sedan,rwd,front,115.6,202.6,71.7,56.5,3740,ohcv,eight,234,mpfi,3.46,3.10,8.3,155,4750,16,18,34184,13.055555555555555,0.9448160535117057,Medium,0,1,1,0
72,3,142,mercedes-benz,two,convertible,rwd,front,96.6,180.3,70.5,50.8,3685,ohcv,eight,234,mpfi,3.46,3.10,8.3,155,4750,16,18,35056,13.055555555555555,0.8494983277591973,Medium,0,1,1,0
73,0,122.0,mercedes-benz,four,sedan,rwd,front,120.9,208.1,71.7,56.7,3900,ohcv,eight,308,mpfi,3.80,3.35,8.0,184,4500,14,16,40960,14.6875,0.948160535117057,Medium,0,1,1,0
74,1,122.0,mercedes-benz,two,hardtop,rwd,front,112.0,199.2,72.0,55.4,3715,ohcv,eight,304,mpfi,3.80,3.35,8.0,184,4500,14,16,45400,14.6875,0.9264214046822743,Medium,0,1,1,0
75,1,122.0,mercury,two,hatchback,rwd,front,102.7,178.4,68.0,54.8,2910,ohc,four,140,mpfi,3.78,3.12,8.0,175,5000,19,24,16503,9.791666666666666,0.9163879598662207,Medium,0,1,0,1
76,2,161,mitsubishi,two,hatchback,fwd,front,93.7,157.3,64.4,50.8,1918,ohc,four,92,2bbl,2.97,3.23,9.4,68,5500,37,41,5389,5.7317073170731705,0.8494983277591973,Low,0,1,1,0
77,2,161,mitsubishi,two,hatchback,fwd,front,93.7,157.3,64.4,50.8,1944,ohc,four,92,2bbl,2.97,3.23,9.4,68,5500,31,38,6189,6.184210526315789,0.8494983277591973,Low,0,1,1,0
78,2,161,mitsubishi,two,hatchback,fwd,front,93.7,157.3,64.4,50.8,2004,ohc,four,92,2bbl,2.97,3.23,9.4,68,5500,31,38,6669,6.184210526315789,0.8494983277591973,Low,0,1,1,0
79,1,161,mitsubishi,two,hatchback,fwd,front,93.0,157.3,63.8,50.8,2145,ohc,four,98,spdi,3.03,3.39,7.6,102,5500,24,30,7689,7.833333333333333,0.8494983277591973,Low,0,1,0,1
80,3,153,mitsubishi,two,hatchback,fwd,front,96.3,173.0,65.4,49.4,2370,ohc,four,110,spdi,3.17,3.46,7.5,116,5500,23,30,9959,7.833333333333333,0.8260869565217391,Low,0,1,0,1
81,3,153,mitsubishi,two,hatchback,fwd,front,96.3,173.0,65.4,49.4,2328,ohc,four,122,2bbl,3.35,3.46,8.5,88,5000,25,32,8499,7.34375,0.8260869565217391,Low,0,1,1,0
82,3,122.0,mitsubishi,two,hatchback,fwd,front,95.9,173.2,66.3,50.2,2833,ohc,four,156,spdi,3.58,3.86,7.0,145,5000,19,24,12629,9.791666666666666,0.8394648829431439,Medium,0,1,0,1
83,3,122.0,mitsubishi,two,hatchback,fwd,front,95.9,173.2,66.3,50.2,2921,ohc,four,156,spdi,3.59,3.86,7.0,145,5000,19,24,14869,9.791666666666666,0.8394648829431439,Medium,0,1,0,1
84,3,122.0,mitsubishi,two,hatchback,fwd,front,95.9,173.2,66.3,50.2,2926,ohc,four,156,spdi,3.59,3.86,7.0,145,5000,19,24,14489,9.791666666666666,0.8394648829431439,Medium,0,1,0,1
85,1,125,mitsubishi,four,sedan,fwd,front,96.3,172.4,65.4,51.6,2365,ohc,four,122,2bbl,3.35,3.46,8.5,88,5000,25,32,6989,7.34375,0.8628762541806021,Low,0,1,1,0
86,1,125,mitsubishi,four,sedan,fwd,front,96.3,172.4,65.4,51.6,2405,ohc,four,122,2bbl,3.35,3.46,8.5,88,5000,25,32,8189,7.34375,0.8628762541806021,Low,0,1,1,0
87,1,125,mitsubishi,four,sedan,fwd,front,96.3,172.4,65.4,51.6,2403,ohc,four,110,spdi,3.17,3.46,7.5,116,5500,23,30,9279,7.833333333333333,0.8628762541806021,Low,0,1,0,1
88,-1,137,mitsubishi,four,sedan,fwd,front,96.3,172.4,65.4,51.6,2403,ohc,four,110,spdi,3.17,3.46,7.5,116,5500,23,30,9279,7.833333333333333,0.8628762541806021,Low,0,1,1,0
89,1,128,nissan,two,sedan,fwd,front,94.5,165.3,63.8,54.5,1889,ohc,four,97,2bbl,3.15,3.29,9.4,69,5200,31,37,5499,6.351351351351352,0.911371237458194,Low,0,1,1,0
90,1,128,nissan,two,sedan,fwd,front,94.5,165.3,63.8,54.5,2017,ohc,four,103,idi,2.99,3.47,21.9,55,4800,45,50,7099,4.7,0.911371237458194,Low,1,0,1,0
91,1,128,nissan,two,sedan,fwd,front,94.5,165.3,63.8,54.5,1918,ohc,four,97,2bbl,3.15,3.29,9.4,69,5200,31,37,6649,6.351351351351352,0.911371237458194,Low,0,1,1,0
92,1,122,nissan,four,sedan,fwd,front,94.5,165.3,63.8,54.5,1938,ohc,four,97,2bbl,3.15,3.29,9.4,69,5200,31,37,6849,6.351351351351352,0.911371237458194,Low,0,1,1,0
93,1,103,nissan,four,wagon,fwd,front,94.5,170.2,63.8,53.5,2024,ohc,four,97,2bbl,3.15,3.29,9.4,69,5200,31,37,7349,6.351351351351352,0.8946488294314382,Low,0,1,1,0
94,1,128,nissan,two,sedan,fwd,front,94.5,165.3,63.8,54.5,1951,ohc,four,97,2bbl,3.15,3.29,9.4,69,5200,31,37,7299,6.351351351351352,0.911371237458194,Low,0,1,1,0
95,1,128,nissan,two,hatchback,fwd,front,94.5,165.6,63.8,53.3,2028,ohc,four,97,2bbl,3.15,3.29,9.4,69,5200,31,37,7799,6.351351351351352,0.8913043478260869,Low,0,1,1,0
96,1,122,nissan,four,sedan,fwd,front,94.5,165.3,63.8,54.5,1971,ohc,four,97,2bbl,3.15,3.29,9.4,69,5200,31,37,7499,6.351351351351352,0.911371237458194,Low,0,1,1,0
97,1,103,nissan,four,wagon,fwd,front,94.5,170.2,63.8,53.5,2037,ohc,four,97,2bbl,3.15,3.29,9.4,69,5200,31,37,7999,6.351351351351352,0.8946488294314382,Low,0,1,1,0
98,2,168,nissan,two,hardtop,fwd,front,95.1,162.4,63.8,53.3,2008,ohc,four,97,2bbl,3.15,3.29,9.4,69,5200,31,37,8249,6.351351351351352,0.8913043478260869,Low,0,1,1,0
99,0,106,nissan,four,hatchback,fwd,front,97.2,173.4,65.2,54.7,2324,ohc,four,120,2bbl,3.33,3.47,8.5,97,5200,27,34,8949,6.911764705882353,0.9147157190635452,Low,0,1,1,0
100,0,106,nissan,four,sedan,fwd,front,97.2,173.4,65.2,54.7,2302,ohc,four,120,2bbl,3.33,3.47,8.5,97,5200,27,34,9549,6.911764705882353,0.9147157190635452,Low,0,1,1,0
101,0,128,nissan,four,sedan,fwd,front,100.4,181.7,66.5,55.1,3095,ohcv,six,181,mpfi,3.43,3.27,9.0,152,5200,17,22,13499,10.681818181818182,0.9214046822742475,Medium,0,1,1,0
102,0,108,nissan,four,wagon,fwd,front,100.4,184.6,66.5,56.1,3296,ohcv,six,181,mpfi,3.43,3.27,9.0,152,5200,17,22,14399,10.681818181818182,0.9381270903010034,Medium,0,1,1,0
103,0,108,nissan,four,sedan,fwd,front,100.4,184.6,66.5,55.1,3060,ohcv,six,181,mpfi,3.43,3.27,9.0,152,5200,19,25,13499,9.4,0.9214046822742475,Medium,0,1,1,0
104,3,194,nissan,two,hatchback,rwd,front,91.3,170.7,67.9,49.7,3071,ohcv,six,181,mpfi,3.43,3.27,9.0,160,5200,19,25,17199,9.4,0.831103678929766,Medium,0,1,1,0
105,3,194,nissan,two,hatchback,rwd,front,91.3,170.7,67.9,49.7,3139,ohcv,six,181,mpfi,3.43,3.27,7.8,200,5200,17,23,19699,10.217391304347826,0.831103678929766,High,0,1,0,1
106,1,231,nissan,two,hatchback,rwd,front,99.2,178.5,67.9,49.7,3139,ohcv,six,181,mpfi,3.43,3.27,9.0,160,5200,19,25,18399,9.4,0.831103678929766,Medium,0,1,1,0
107,0,161,peugot,four,sedan,rwd,front,107.9,186.7,68.4,56.7,3020,l,four,120,mpfi,3.46,3.19,8.4,97,5000,19,24,11900,9.791666666666666,0.948160535117057,Low,0,1,1,0
108,0,161,peugot,four,sedan,rwd,front,107.9,186.7,68.4,56.7,3197,l,four,152,idi,3.70,3.52,21.0,95,4150,28,33,13200,7.121212121212121,0.948160535117057,Low,1,0,0,1
109,0,122.0,peugot,four,wagon,rwd,front,114.2,198.9,68.4,58.7,3230,l,four,120,mpfi,3.46,3.19,8.4,97,5000,19,24,12440,9.791666666666666,0.9816053511705687,Low,0,1,1,0
110,0,122.0,peugot,four,wagon,rwd,front,114.2,198.9,68.4,58.7,3430,l,four,152,idi,3.70,3.52,21.0,95,4150,25,25,13860,9.4,0.9816053511705687,Low,1,0,0,1
111,0,161,peugot,four,sedan,rwd,front,107.9,186.7,68.4,56.7,3075,l,four,120,mpfi,3.46,2.19,8.4,95,5000,19,24,15580,9.791666666666666,0.948160535117057,Low,0,1,1,0
112,0,161,peugot,four,sedan,rwd,front,107.9,186.7,68.4,56.7,3252,l,four,152,idi,3.70,3.52,21.0,95,4150,28,33,16900,7.121212121212121,0.948160535117057,Low,1,0,0,1
113,0,122.0,peugot,four,wagon,rwd,front,114.2,198.9,68.4,56.7,3285,l,four,120,mpfi,3.46,2.19,8.4,95,5000,19,24,16695,9.791666666666666,0.948160535117057,Low,0,1,1,0
114,0,122.0,peugot,four,wagon,rwd,front,114.2,198.9,68.4,58.7,3485,l,four,152,idi,3.70,3.52,21.0,95,4150,25,25,17075,9.4,0.9816053511705687,Low,1,0,0,1
115,0,161,peugot,four,sedan,rwd,front,107.9,186.7,68.4,56.7,3075,l,four,120,mpfi,3.46,3.19,8.4,97,5000,19,24,16630,9.791666666666666,0.948160535117057,Low,0,1,1,0
116,0,161,peugot,four,sedan,rwd,front,107.9,186.7,68.4,56.7,3252,l,four,152,idi,3.70,3.52,21.0,95,4150,28,33,17950,7.121212121212121,0.948160535117057,Low,1,0,0,1
117,0,161,peugot,four,sedan,rwd,front,108.0,186.7,68.3,56.0,3130,l,four,134,mpfi,3.61,3.21,7.0,142,5600,18,24,18150,9.791666666666666,0.9364548494983278,Medium,0,1,0,1
118,1,119,plymouth,two,hatchback,fwd,front,93.7,157.3,63.8,50.8,1918,ohc,four,90,2bbl,2.97,3.23,9.4,68,5500,37,41,5572,5.7317073170731705,0.8494983277591973,Low,0,1,1,0
119,1,119,plymouth,two,hatchback,fwd,front,93.7,157.3,63.8,50.8,2128,ohc,four,98,spdi,3.03,3.39,7.6,102,5500,24,30,7957,7.833333333333333,0.8494983277591973,Low,0,1,0,1
120,1,154,plymouth,four,hatchback,fwd,front,93.7,157.3,63.8,50.6,1967,ohc,four,90,2bbl,2.97,3.23,9.4,68,5500,31,38,6229,6.184210526315789,0.8461538461538463,Low,0,1,1,0
121,1,154,plymouth,four,sedan,fwd,front,93.7,167.3,63.8,50.8,1989,ohc,four,90,2bbl,2.97,3.23,9.4,68,5500,31,38,6692,6.184210526315789,0.8494983277591973,Low,0,1,1,0
122,1,154,plymouth,four,sedan,fwd,front,93.7,167.3,63.8,50.8,2191,ohc,four,98,2bbl,2.97,3.23,9.4,68,5500,31,38,7609,6.184210526315789,0.8494983277591973,Low,0,1,1,0
123,-1,74,plymouth,four,wagon,fwd,front,103.3,174.6,64.6,59.8,2535,ohc,four,122,2bbl,3.35,3.46,8.5,88,5000,24,30,8921,7.833333333333333,1.0,Low,0,1,1,0
124,3,122.0,plymouth,two,hatchback,rwd,front,95.9,173.2,66.3,50.2,2818,ohc,four,156,spdi,3.59,3.86,7.0,145,5000,19,24,12764,9.791666666666666,0.8394648829431439,Medium,0,1,0,1
125,3,186,porsche,two,hatchback,rwd,front,94.5,168.9,68.3,50.2,2778,ohc,four,151,mpfi,3.94,3.11,9.5,143,5500,19,27,22018,8.703703703703704,0.8394648829431439,Medium,0,1,1,0
126,3,122.0,porsche,two,hardtop,rwd,rear,89.5,168.9,65.0,51.6,2756,ohcf,six,194,mpfi,3.74,2.90,9.5,207,5900,17,25,32528,9.4,0.8628762541806021,High,0,1,1,0
127,3,122.0,porsche,two,hardtop,rwd,rear,89.5,168.9,65.0,51.6,2756,ohcf,six,194,mpfi,3.74,2.90,9.5,207,5900,17,25,34028,9.4,0.8628762541806021,High,0,1,1,0
128,3,122.0,porsche,two,convertible,rwd,rear,89.5,168.9,65.0,51.6,2800,ohcf,six,194,mpfi,3.74,2.90,9.5,207,5900,17,25,37028,9.4,0.8628762541806021,High,0,1,1,0
130,0,122.0,renault,four,wagon,fwd,front,96.1,181.5,66.5,55.2,2579,ohc,four,132,mpfi,3.46,3.90,8.7,104,5125.369458128079,23,31,9295,7.580645161290323,0.9230769230769231,Low,0,1,1,0
131,2,122.0,renault,two,hatchback,fwd,front,96.1,176.8,66.6,50.5,2460,ohc,four,132,mpfi,3.46,3.90,8.7,104,5125.369458128079,23,31,9895,7.580645161290323,0.8444816053511706,Low,0,1,1,0
132,3,150,saab,two,hatchback,fwd,front,99.1,186.6,66.5,56.1,2658,ohc,four,121,mpfi,3.54,3.07,9.31,110,5250,21,28,11850,8.392857142857142,0.9381270903010034,Low,0,1,1,0
133,2,104,saab,four,sedan,fwd,front,99.1,186.6,66.5,56.1,2695,ohc,four,121,mpfi,3.54,3.07,9.3,110,5250,21,28,12170,8.392857142857142,0.9381270903010034,Low,0,1,1,0
134,3,150,saab,two,hatchback,fwd,front,99.1,186.6,66.5,56.1,2707,ohc,four,121,mpfi,2.54,2.07,9.3,110,5250,21,28,15040,8.392857142857142,0.9381270903010034,Low,0,1,1,0
135,2,104,saab,four,sedan,fwd,front,99.1,186.6,66.5,56.1,2758,ohc,four,121,mpfi,3.54,3.07,9.3,110,5250,21,28,15510,8.392857142857142,0.9381270903010034,Low,0,1,1,0
136,3,150,saab,two,hatchback,fwd,front,99.1,186.6,66.5,56.1,2808,dohc,four,121,mpfi,3.54,3.07,9.0,160,5500,19,26,18150,9.038461538461538,0.9381270903010034,Medium,0,1,0,1
137,2,104,saab,four,sedan,fwd,front,99.1,186.6,66.5,56.1,2847,dohc,four,121,mpfi,3.54,3.07,9.0,160,5500,19,26,18620,9.038461538461538,0.9381270903010034,Medium,0,1,0,1
138,2,83,subaru,two,hatchback,fwd,front,93.7,156.9,63.4,53.7,2050,ohcf,four,97,2bbl,3.62,2.36,9.0,69,4900,31,36,5118,6.527777777777778,0.8979933110367894,Low,0,1,1,0
139,2,83,subaru,two,hatchback,fwd,front,93.7,157.9,63.6,53.7,2120,ohcf,four,108,2bbl,3.62,2.64,8.7,73,4400,26,31,7053,7.580645161290323,0.8979933110367894,Low,0,1,1,0
140,2,83,subaru,two,hatchback,4wd,front,93.3,157.3,63.8,55.7,2240,ohcf,four,108,2bbl,3.62,2.64,8.7,73,4400,26,31,7603,7.580645161290323,0.931438127090301,Low,0,1,1,0
141,0,102,subaru,four,sedan,fwd,front,97.2,172.0,65.4,52.5,2145,ohcf,four,108,2bbl,3.62,2.64,9.5,82,4800,32,37,7126,6.351351351351352,0.8779264214046824,Low,0,1,1,0
142,0,102,subaru,four,sedan,fwd,front,97.2,172.0,65.4,52.5,2190,ohcf,four,108,2bbl,3.62,2.64,9.5,82,4400,28,33,7775,7.121212121212121,0.8779264214046824,Low,0,1,1,0
143,0,102,subaru,four,sedan,fwd,front,97.2,172.0,65.4,52.5,2340,ohcf,four,108,mpfi,3.62,2.64,9.0,94,5200,26,32,9960,7.34375,0.8779264214046824,Low,0,1,1,0
144,0,102,subaru,four,sedan,4wd,front,97.0,172.0,65.4,54.3,2385,ohcf,four,108,2bbl,3.62,2.64,9.0,82,4800,24,25,9233,9.4,0.9080267558528428,Low,0,1,1,0
145,0,102,subaru,four,sedan,4wd,front,97.0,172.0,65.4,54.3,2510,ohcf,four,108,mpfi,3.62,2.64,7.7,111,4800,24,29,11259,8.10344827586207,0.9080267558528428,Low,0,1,0,1
146,0,89,subaru,four,wagon,fwd,front,97.0,173.5,65.4,53.0,2290,ohcf,four,108,2bbl,3.62,2.64,9.0,82,4800,28,32,7463,7.34375,0.8862876254180603,Low,0,1,1,0
147,0,89,subaru,four,wagon,fwd,front,97.0,173.5,65.4,53.0,2455,ohcf,four,108,mpfi,3.62,2.64,9.0,94,5200,25,31,10198,7.580645161290323,0.8862876254180603,Low,0,1,1,0
148,0,85,subaru,four,wagon,4wd,front,96.9,173.6,65.4,54.9,2420,ohcf,four,108,2bbl,3.62,2.64,9.0,82,4800,23,29,8013,8.10344827586207,0.9180602006688964,Low,0,1,1,0
149,0,85,subaru,four,wagon,4wd,front,96.9,173.6,65.4,54.9,2650,ohcf,four,108,mpfi,3.62,2.64,7.7,111,4800,23,23,11694,10.217391304347826,0.9180602006688964,Low,0,1,0,1
150,1,87,toyota,two,hatchback,fwd,front,95.7,158.7,63.6,54.5,1985,ohc,four,92,2bbl,3.05,3.03,9.0,62,4800,35,39,5348,6.0256410256410255,0.911371237458194,Low,0,1,1,0
151,1,87,toyota,two,hatchback,fwd,front,95.7,158.7,63.6,54.5,2040,ohc,four,92,2bbl,3.05,3.03,9.0,62,4800,31,38,6338,6.184210526315789,0.911371237458194,Low,0,1,1,0
152,1,74,toyota,four,hatchback,fwd,front,95.7,158.7,63.6,54.5,2015,ohc,four,92,2bbl,3.05,3.03,9.0,62,4800,31,38,6488,6.184210526315789,0.911371237458194,Low,0,1,1,0
153,0,77,toyota,four,wagon,fwd,front,95.7,169.7,63.6,59.1,2280,ohc,four,92,2bbl,3.05,3.03,9.0,62,4800,31,37,6918,6.351351351351352,0.988294314381271,Low,0,1,1,0
154,0,81,toyota,four,wagon,4wd,front,95.7,169.7,63.6,59.1,2290,ohc,four,92,2bbl,3.05,3.03,9.0,62,4800,27,32,7898,7.34375,0.988294314381271,Low,0,1,1,0
155,0,91,toyota,four,wagon,4wd,front,95.7,169.7,63.6,59.1,3110,ohc,four,92,2bbl,3.05,3.03,9.0,62,4800,27,32,8778,7.34375,0.988294314381271,Low,0,1,1,0
156,0,91,toyota,four,sedan,fwd,front,95.7,166.3,64.4,53.0,2081,ohc,four,98,2bbl,3.19,3.03,9.0,70,4800,30,37,6938,6.351351351351352,0.8862876254180603,Low,0,1,1,0
157,0,91,toyota,four,hatchback,fwd,front,95.7,166.3,64.4,52.8,2109,ohc,four,98,2bbl,3.19,3.03,9.0,70,4800,30,37,7198,6.351351351351352,0.882943143812709,Low,0,1,1,0
158,0,91,toyota,four,sedan,fwd,front,95.7,166.3,64.4,53.0,2275,ohc,four,110,idi,3.27,3.35,22.5,56,4500,34,36,7898,6.527777777777778,0.8862876254180603,Low,1,0,1,0
159,0,91,toyota,four,hatchback,fwd,front,95.7,166.3,64.4,52.8,2275,ohc,four,110,idi,3.27,3.35,22.5,56,4500,38,47,7788,5.0,0.882943143812709,Low,1,0,1,0
160,0,91,toyota,four,sedan,fwd,front,95.7,166.3,64.4,53.0,2094,ohc,four,98,2bbl,3.19,3.03,9.0,70,4800,38,47,7738,5.0,0.8862876254180603,Low,0,1,1,0
161,0,91,toyota,four,hatchback,fwd,front,95.7,166.3,64.4,52.8,2122,ohc,four,98,2bbl,3.19,3.03,9.0,70,4800,28,34,8358,6.911764705882353,0.882943143812709,Low,0,1,1,0
162,0,91,toyota,four,sedan,fwd,front,95.7,166.3,64.4,52.8,2140,ohc,four,98,2bbl,3.19,3.03,9.0,70,4800,28,34,9258,6.911764705882353,0.882943143812709,Low,0,1,1,0
163,1,168,toyota,two,sedan,rwd,front,94.5,168.7,64.0,52.6,2169,ohc,four,98,2bbl,3.19,3.03,9.0,70,4800,29,34,8058,6.911764705882353,0.8795986622073579,Low,0,1,1,0
164,1,168,toyota,two,hatchback,rwd,front,94.5,168.7,64.0,52.6,2204,ohc,four,98,2bbl,3.19,3.03,9.0,70,4800,29,34,8238,6.911764705882353,0.8795986622073579,Low,0,1,1,0
165,1,168,toyota,two,sedan,rwd,front,94.5,168.7,64.0,52.6,2265,dohc,four,98,mpfi,3.24,3.08,9.4,112,6600,26,29,9298,8.10344827586207,0.8795986622073579,Low,0,1,1,0
166,1,168,toyota,two,hatchback,rwd,front,94.5,168.7,64.0,52.6,2300,dohc,four,98,mpfi,3.24,3.08,9.4,112,6600,26,29,9538,8.10344827586207,0.8795986622073579,Low,0,1,1,0
167,2,134,toyota,two,hardtop,rwd,front,98.4,176.2,65.6,52.0,2540,ohc,four,146,mpfi,3.62,3.50,9.3,116,4800,24,30,8449,7.833333333333333,0.8695652173913044,Low,0,1,1,0
168,2,134,toyota,two,hardtop,rwd,front,98.4,176.2,65.6,52.0,2536,ohc,four,146,mpfi,3.62,3.50,9.3,116,4800,24,30,9639,7.833333333333333,0.8695652173913044,Low,0,1,1,0
169,2,134,toyota,two,hatchback,rwd,front,98.4,176.2,65.6,52.0,2551,ohc,four,146,mpfi,3.62,3.50,9.3,116,4800,24,30,9989,7.833333333333333,0.8695652173913044,Low,0,1,1,0
170,2,134,toyota,two,hardtop,rwd,front,98.4,176.2,65.6,52.0,2679,ohc,four,146,mpfi,3.62,3.50,9.3,116,4800,24,30,11199,7.833333333333333,0.8695652173913044,Low,0,1,1,0
171,2,134,toyota,two,hatchback,rwd,front,98.4,176.2,65.6,52.0,2714,ohc,four,146,mpfi,3.62,3.50,9.3,116,4800,24,30,11549,7.833333333333333,0.8695652173913044,Low,0,1,1,0
172,2,134,toyota,two,convertible,rwd,front,98.4,176.2,65.6,53.0,2975,ohc,four,146,mpfi,3.62,3.50,9.3,116,4800,24,30,17669,7.833333333333333,0.8862876254180603,Low,0,1,1,0
173,-1,65,toyota,four,sedan,fwd,front,102.4,175.6,66.5,54.9,2326,ohc,four,122,mpfi,3.31,3.54,8.7,92,4200,29,34,8948,6.911764705882353,0.9180602006688964,Low,0,1,1,0
174,-1,65,toyota,four,sedan,fwd,front,102.4,175.6,66.5,54.9,2480,ohc,four,110,idi,3.27,3.35,22.5,73,4500,30,33,10698,7.121212121212121,0.9180602006688964,Low,1,0,0,1
175,-1,65,toyota,four,hatchback,fwd,front,102.4,175.6,66.5,53.9,2414,ohc,four,122,mpfi,3.31,3.54,8.7,92,4200,27,32,9988,7.34375,0.9013377926421405,Low,0,1,1,0
176,-1,65,toyota,four,sedan,fwd,front,102.4,175.6,66.5,54.9,2414,ohc,four,122,mpfi,3.31,3.54,8.7,92,4200,27,32,10898,7.34375,0.9180602006688964,Low,0,1,1,0
177,-1,65,toyota,four,hatchback,fwd,front,102.4,175.6,66.5,53.9,2458,ohc,four,122,mpfi,3.31,3.54,8.7,92,4200,27,32,11248,7.34375,0.9013377926421405,Low,0,1,1,0
178,3,197,toyota,two,hatchback,rwd,front,102.9,183.5,67.7,52.0,2976,dohc,six,171,mpfi,3.27,3.35,9.3,161,5200,20,24,16558,9.791666666666666,0.8695652173913044,Medium,0,1,1,0
179,3,197,toyota,two,hatchback,rwd,front,102.9,183.5,67.7,52.0,3016,dohc,six,171,mpfi,3.27,3.35,9.3,161,5200,19,24,15998,9.791666666666666,0.8695652173913044,Medium,0,1,1,0
180,-1,90,toyota,four,sedan,rwd,front,104.5,187.8,66.5,54.1,3131,dohc,six,171,mpfi,3.27,3.35,9.2,156,5200,20,24,15690,9.791666666666666,0.9046822742474917,Medium,0,1,1,0
181,-1,122.0,toyota,four,wagon,rwd,front,104.5,187.8,66.5,54.1,3151,dohc,six,161,mpfi,3.27,3.35,9.2,156,5200,19,24,15750,9.791666666666666,0.9046822742474917,Medium,0,1,1,0
182,2,122,volkswagen,two,sedan,fwd,front,97.3,171.7,65.5,55.7,2261,ohc,four,97,idi,3.01,3.40,23.0,52,4800,37,46,7775,5.108695652173913,0.931438127090301,Low,1,0,1,0
183,2,122,volkswagen,two,sedan,fwd,front,97.3,171.7,65.5,55.7,2209,ohc,four,109,mpfi,3.19,3.40,9.0,85,5250,27,34,7975,6.911764705882353,0.931438127090301,Low,0,1,1,0
184,2,94,volkswagen,four,sedan,fwd,front,97.3,171.7,65.5,55.7,2264,ohc,four,97,idi,3.01,3.40,23.0,52,4800,37,46,7995,5.108695652173913,0.931438127090301,Low,1,0,1,0
185,2,94,volkswagen,four,sedan,fwd,front,97.3,171.7,65.5,55.7,2212,ohc,four,109,mpfi,3.19,3.40,9.0,85,5250,27,34,8195,6.911764705882353,0.931438127090301,Low,0,1,1,0
186,2,94,volkswagen,four,sedan,fwd,front,97.3,171.7,65.5,55.7,2275,ohc,four,109,mpfi,3.19,3.40,9.0,85,5250,27,34,8495,6.911764705882353,0.931438127090301,Low,0,1,1,0
187,2,94,volkswagen,four,sedan,fwd,front,97.3,171.7,65.5,55.7,2319,ohc,four,97,idi,3.01,3.40,23.0,68,4500,37,42,9495,5.595238095238095,0.931438127090301,Low,1,0,0,1
188,2,94,volkswagen,four,sedan,fwd,front,97.3,171.7,65.5,55.7,2300,ohc,four,109,mpfi,3.19,3.40,10.0,100,5500,26,32,9995,7.34375,0.931438127090301,Low,0,1,1,0
189,3,122.0,volkswagen,two,convertible,fwd,front,94.5,159.3,64.2,55.6,2254,ohc,four,109,mpfi,3.19,3.40,8.5,90,5500,24,29,11595,8.10344827586207,0.9297658862876255,Low,0,1,1,0
190,3,256,volkswagen,two,hatchback,fwd,front,94.5,165.7,64.0,51.4,2221,ohc,four,109,mpfi,3.19,3.40,8.5,90,5500,24,29,9980,8.10344827586207,0.8595317725752508,Low,0,1,1,0
191,0,122.0,volkswagen,four,sedan,fwd,front,100.4,180.2,66.9,55.1,2661,ohc,five,136,mpfi,3.19,3.40,8.5,110,5500,19,24,13295,9.791666666666666,0.9214046822742475,Low,0,1,1,0
192,0,122.0,volkswagen,four,sedan,fwd,front,100.4,180.2,66.9,55.1,2579,ohc,four,97,idi,3.01,3.40,23.0,68,4500,33,38,13845,6.184210526315789,0.9214046822742475,Low,1,0,0,1
193,0,122.0,volkswagen,four,wagon,fwd,front,100.4,183.1,66.9,55.1,2563,ohc,four,109,mpfi,3.19,3.40,9.0,88,5500,25,31,12290,7.580645161290323,0.9214046822742475,Low,0,1,1,0
194,-2,103,volvo,four,sedan,rwd,front,104.3,188.8,67.2,56.2,2912,ohc,four,141,mpfi,3.78,3.15,9.5,114,5400,23,28,12940,8.392857142857142,0.939799331103679,Low,0,1,1,0
195,-1,74,volvo,four,wagon,rwd,front,104.3,188.8,67.2,57.5,3034,ohc,four,141,mpfi,3.78,3.15,9.5,114,5400,23,28,13415,8.392857142857142,0.9615384615384616,Low,0,1,1,0
196,-2,103,volvo,four,sedan,rwd,front,104.3,188.8,67.2,56.2,2935,ohc,four,141,mpfi,3.78,3.15,9.5,114,5400,24,28,15985,8.392857142857142,0.939799331103679,Low,0,1,1,0
197,-1,74,volvo,four,wagon,rwd,front,104.3,188.8,67.2,57.5,3042,ohc,four,141,mpfi,3.78,3.15,9.5,114,5400,24,28,16515,8.392857142857142,0.9615384615384616,Low,0,1,1,0
198,-2,103,volvo,four,sedan,rwd,front,104.3,188.8,67.2,56.2,3045,ohc,four,130,mpfi,3.62,3.15,7.5,162,5100,17,22,18420,10.681818181818182,0.939799331103679,Medium,0,1,0,1
199,-1,74,volvo,four,wagon,rwd,front,104.3,188.8,67.2,57.5,3157,ohc,four,130,mpfi,3.62,3.15,7.5,162,5100,17,22,18950,10.681818181818182,0.9615384615384616,Medium,0,1,0,1
200,-1,95,volvo,four,sedan,rwd,front,109.1,188.8,68.9,55.5,2952,ohc,four,141,mpfi,3.78,3.15,9.5,114,5400,23,28,16845,8.392857142857142,0.9280936454849499,Low,0,1,1,0
201,-1,95,volvo,four,sedan,rwd,front,109.1,188.8,68.8,55.5,3049,ohc,four,141,mpfi,3.78,3.15,8.7,160,5300,19,25,19045,9.4,0.9280936454849499,Medium,0,1,0,1
202,-1,95,volvo,four,sedan,rwd,front,109.1,188.8,68.9,55.5,3012,ohcv,six,173,mpfi,3.58,2.87,8.8,134,5500,18,23,21485,10.217391304347826,0.9280936454849499,Medium,0,1,1,0
203,-1,95,volvo,four,sedan,rwd,front,109.1,188.8,68.9,55.5,3217,ohc,six,145,idi,3.01,3.40,23.0,106,4800,26,27,22470,8.703703703703704,0.9280936454849499,Low,1,0,0,1
204,-1,95,volvo,four,sedan,rwd,front,109.1,188.8,68.9,55.5,3062,ohc,four,141,mpfi,3.78,3.15,9.5,114,5400,19,25,22625,9.4,0.9280936454849499,Low,0,1,0,1
